{
    "type": "guitar",
    "circularity": [
        0.385891193926929,
        0.279163190304819,
        0.3380251421322319,
        0.35785810757470127,
        0.344764901165088,
        0.3287123947043744,
        0.36334205046905377,
        0.3746265339868107
    ],
    "compactness": [
        0.5182333150670966,
        0.47134330886715187,
        0.47850680104858523,
        0.4889549690861072,
        0.46583712395152516,
        0.48393409700549705,
        0.5,
        0.5258323212718401
    ],
    "elongation": [
        0.4373956594323873,
        0.3887988768931147,
        0.4082862957009588,
        0.42338961851156975,
        0.41235392320534225,
        0.38566882393566976,
        0.40145985401459855,
        0.4032571172897005
    ],
    "thiness": [
        0.385891193926929,
        0.279163190304819,
        0.3380251421322319,
        0.35785810757470127,
        0.344764901165088,
        0.3287123947043744,
        0.36334205046905377,
        0.3746265339868107
    ],
    "intensity": [
        0.4334721590128589,
        0.4351151447684653,
        0.5756579831599267,
        0.2829859127669349,
        0.6277365263122034,
        0.24317307736279617,
        0.5948986295493629,
        0.7094844931822964
    ]
}