{
    "circularity": 0.2724474660854621,
    "compactness": 0.5457274747282118,
    "elongation": 0.39307205815085,
    "thiness": 0.2724474660854621,
    "intensity": 161.0003326699389
}{
    "circularity": 0.2214525625204739,
    "compactness": 0.509280537558898,
    "elongation": 0.33112163314456744,
    "thiness": 0.2214525625204739,
    "intensity": 169.7711011923233
}{
    "circularity": 0.30351016183888097,
    "compactness": 0.6440259039668891,
    "elongation": 0.27481862316631406,
    "thiness": 0.30351016183888097,
    "intensity": 180.82498551909774
}{
    "circularity": 0.28217775942446455,
    "compactness": 0.5830476478353793,
    "elongation": 0.3673187261161133,
    "thiness": 0.28217775942446455,
    "intensity": 175.08144928594908
}{
    "circularity": 0.3288831925026304,
    "compactness": 0.7240455965592544,
    "elongation": 0.5824057213389026,
    "thiness": 0.3288831925026304,
    "intensity": 174.57883827428296
}{
    "circularity": 0.23437966126991736,
    "compactness": 0.5407828360945675,
    "elongation": 0.28079657433596206,
    "thiness": 0.23437966126991736,
    "intensity": 185.4864209399375
}{
    "circularity": 0.2737511131537846,
    "compactness": 0.6126609636324374,
    "elongation": 0.3189900039790544,
    "thiness": 0.2737511131537846,
    "intensity": 178.49663982412164
}{
    "circularity": 0.2427118150924221,
    "compactness": 0.5517442933333069,
    "elongation": 0.2997474864481711,
    "thiness": 0.2427118150924221,
    "intensity": 202.80067183780764
}