{
    "type": "bass",
    "holes": [
        1,
        0,
        1,
        0,
        0,
        0,
        0,
        2,
        1,
        0,
        5,
        1,
        0,
        4,
        10
    ],
    "circularity": [
        0.23899698201454372,
        0.2304442531268435,
        0.215539700009877,
        0.23116673392020332,
        0.22540133752146552,
        0.22603997571181425,
        0.22858471511428818,
        0.17887645125610113,
        0.1672343415199707,
        0.1988630817848288,
        0.14150570189249173,
        0.20453910343227313,
        0.28520465826147295,
        0.20466103211427378,
        0.25455077486157424
    ],
    "compactness": [
        0.4719725775990121,
        0.4767178526471509,
        0.4113324510691649,
        0.46214914031704296,
        0.4274178936400183,
        0.4422443558714505,
        0.4539670036128238,
        0.4186509980495827,
        0.43508001466740137,
        0.4537053899433784,
        0.40309766548104714,
        0.44684594078408646,
        0.4947095479934983,
        0.4470042123013921,
        0.44027194730912755
    ],
    "elongation": [
        0.6078619794122873,
        0.5715904304397185,
        0.6689419795221843,
        0.6003228232335693,
        0.6292278599477071,
        0.6307125709564019,
        0.6081619111968174,
        0.5938597082801559,
        0.599336087434101,
        0.5805573949641536,
        0.5757602789928801,
        0.6670199188831981,
        0.6968433606844873,
        0.6816031343841755,
        0.6943550843016929
    ],
    "thiness": [
        0.47799396402908745,
        0.460888506253687,
        0.431079400019754,
        0.46233346784040663,
        0.45080267504293103,
        0.4520799514236285,
        0.45716943022857637,
        0.35775290251220226,
        0.3344686830399414,
        0.3977261635696576,
        0.28301140378498346,
        0.40907820686454627,
        0.5704093165229459,
        0.40932206422854756,
        0.5091015497231485
    ],
    "intensity": [
        0.4545039690315389,
        0.6548918819671372,
        0.3824205456151045,
        0.6037648546614345,
        0.42914330773302223,
        0.47040441019344376,
        0.4418735158595272,
        0.6505258527229534,
        0.5572514999106997,
        0.3496417522083991,
        0.6319163354263082,
        0.5501674448896813,
        0.4794708358958499,
        0.48140539491551854,
        0.36257550649560016
    ]
}