{
    "type": "bass",
    "holes": [
        0.2,
        0.2,
        0.6,
        0.3,
        0.0,
        0.0,
        0.1,
        2.7,
        0.9,
        1.3,
        2.5,
        5.8,
        0.0,
        0.9,
        3.5
    ],
    "circularity": [
        0.18085503178644274,
        0.17661519257125424,
        0.17582019055792186,
        0.17056003703360095,
        0.1540763392344688,
        0.1503819968907787,
        0.17319352757021933,
        0.15966740134075552,
        0.1453449804947797,
        0.17214596073061214,
        0.07944727447546458,
        0.171449590387261,
        0.19292981702903653,
        0.17937093741428817,
        0.12450202189922903
    ],
    "compactness": [
        0.4241319110721285,
        0.4276742369969364,
        0.37777568195451666,
        0.3992147926185921,
        0.3635300470137899,
        0.3910111662531017,
        0.4116820713433594,
        0.4003966497842653,
        0.4111031639091834,
        0.43329368777766025,
        0.374600862180404,
        0.42681951294605686,
        0.4198472611017945,
        0.43061775488363824,
        0.39254210418269325
    ],
    "elongation": [
        0.5841946687495752,
        0.5445165885501569,
        0.6587919179727861,
        0.5656877863569931,
        0.595826303254719,
        0.5961538461538461,
        0.5848745186628278,
        0.587787669695872,
        0.5902199425245108,
        0.5682691502873669,
        0.5628702982661188,
        0.655546158401198,
        0.6523988109235012,
        0.6735075576507544,
        0.6827206166478402
    ],
    "thiness": [
        0.3617100635728855,
        0.3532303851425085,
        0.3516403811158437,
        0.3411200740672019,
        0.3081526784689376,
        0.3007639937815574,
        0.34638705514043866,
        0.31933480268151104,
        0.2906899609895594,
        0.3442919214612243,
        0.15889454895092917,
        0.342899180774522,
        0.38585963405807305,
        0.35874187482857633,
        0.24900404379845806
    ],
    "intensity": [
        0.3519180548554977,
        0.5903686132090727,
        0.3078096193991099,
        0.511172912335899,
        0.2851664921567019,
        0.3564088018537131,
        0.35485346523072514,
        0.629445762257301,
        0.5192649459797619,
        0.3022239845703282,
        0.599357409181378,
        0.5189499028477356,
        0.32849473514435146,
        0.4509976057250739,
        0.27103487391765435
    ]
}