{
    "circularity": 0.29688359575203693,
    "compactness": 0.5100944866962027,
    "elongation": 0.3133582980190791,
    "thiness": 0.29688359575203693,
    "intensity": 134.18264558426532
}{
    "circularity": 0.2817652262843772,
    "compactness": 0.5140996899594562,
    "elongation": 0.2921535893155259,
    "thiness": 0.2817652262843772,
    "intensity": 178.39136645848976
}{
    "circularity": 0.24675490083680343,
    "compactness": 0.4468358446905497,
    "elongation": 0.33447098976109213,
    "thiness": 0.24675490083680343,
    "intensity": 109.89680170209846
}{
    "circularity": 0.28863180556666634,
    "compactness": 0.4890749308807764,
    "elongation": 0.3089770354906054,
    "thiness": 0.28863180556666634,
    "intensity": 164.4205596866663
}{
    "circularity": 0.28901549314247277,
    "compactness": 0.4655598424988769,
    "elongation": 0.3298538622129436,
    "thiness": 0.28901549314247277,
    "intensity": 129.40101125792663
}{
    "circularity": 0.27853217166284033,
    "compactness": 0.48142591114658156,
    "elongation": 0.3258845437616387,
    "thiness": 0.27853217166284033,
    "intensity": 139.26165311948395
}{
    "circularity": 0.27122606887717593,
    "compactness": 0.48515547105496976,
    "elongation": 0.31311749894115803,
    "thiness": 0.27122606887717593,
    "intensity": 128.4539228535451
}{
    "circularity": 0.21492211259363017,
    "compactness": 0.4153597618645957,
    "elongation": 0.2951684221633788,
    "thiness": 0.21492211259363017,
    "intensity": 165.98077432033267
}