{
    "type": "drumm",
    "holes": [
        10.7,
        9.2,
        2.5,
        5.7,
        4.3,
        3.4,
        19.2,
        7.9,
        9.9,
        27.7,
        26.4,
        8.5,
        11.4,
        18.6,
        6.3
    ],
    "circularity": [
        0.03942603886198023,
        0.09414610428711831,
        0.08489144339519585,
        0.021805486618597634,
        0.05116613216283725,
        0.13915968616785887,
        0.06446782484631901,
        0.06157305341637936,
        0.055221968933819816,
        0.09466796314856066,
        0.04587286918128694,
        0.06251208759967519,
        0.06014904729527509,
        0.07999127581179143,
        0.06725852088788009
    ],
    "compactness": [
        0.42626145446890934,
        0.5655467317168351,
        0.5000019803807235,
        0.3193771830040039,
        0.5359257008736884,
        0.5434924158388725,
        0.5234707219376264,
        0.47392840306849604,
        0.4658292828159854,
        0.5936760954519424,
        0.4520029222802763,
        0.4977442491796532,
        0.41341430286742153,
        0.5974260242918814,
        0.6015243766173851
    ],
    "elongation": [
        1.559959856216465,
        1.4136653593307213,
        1.672465286816549,
        1.1209802372577307,
        1.7524619559099726,
        1.616185133848778,
        1.6500792372719597,
        1.4151146048374483,
        1.2659772864756262,
        1.968352942642195,
        1.3153707267631807,
        1.812466717936001,
        1.439641798151868,
        1.911346712430488,
        1.2442742827371058
    ],
    "thiness": [
        0.07885207772396045,
        0.18829220857423662,
        0.1697828867903917,
        0.04361097323719527,
        0.1023322643256745,
        0.27831937233571774,
        0.12893564969263802,
        0.12314610683275871,
        0.11044393786763963,
        0.18933592629712132,
        0.09174573836257388,
        0.12502417519935038,
        0.12029809459055019,
        0.15998255162358285,
        0.13451704177576018
    ],
    "intensity": [
        0.5734956036909918,
        0.6030708807052438,
        0.40608047940881886,
        0.44462279055660664,
        0.3319690342190575,
        0.502133419094369,
        0.37864745268541783,
        0.6007473609672325,
        0.6403328988123994,
        0.6794794516555024,
        0.7120745006316213,
        0.6397780059912405,
        0.7035473705319681,
        0.541488336802551,
        0.7306519643527934
    ]
}