{
    "type": "trumpet",
    "circularity": [
        0.2724474660854621,
        0.2214525625204739,
        0.30351016183888097,
        0.28217775942446455,
        0.3288831925026304,
        0.23437966126991736,
        0.2737511131537846,
        0.2427118150924221
    ],
    "compactness": [
        0.5457274747282118,
        0.509280537558898,
        0.6440259039668891,
        0.5830476478353793,
        0.7240455965592544,
        0.5407828360945675,
        0.6126609636324374,
        0.5517442933333069
    ],
    "elongation": [
        0.39307205815085,
        0.33112163314456744,
        0.27481862316631406,
        0.3673187261161133,
        0.5824057213389026,
        0.28079657433596206,
        0.3189900039790544,
        0.2997474864481711
    ],
    "thiness": [
        0.2724474660854621,
        0.2214525625204739,
        0.30351016183888097,
        0.28217775942446455,
        0.3288831925026304,
        0.23437966126991736,
        0.2737511131537846,
        0.2427118150924221
    ],
    "intensity": [
        0.6313738536076036,
        0.6657690242836208,
        0.7091175902709715,
        0.6865939187684278,
        0.6846228951932665,
        0.7273977291762255,
        0.6999868228396927,
        0.795296752305128
    ]
}