{
    "type": "trumpet",
    "holes": [
        4,
        19,
        3,
        5,
        15,
        5,
        8,
        23,
        2,
        15,
        3,
        1,
        13,
        16,
        93
    ],
    "circularity": [
        0.2800589676356721,
        0.1488976081492064,
        0.24816269275780214,
        0.2924997920397755,
        0.29516466982093154,
        0.19543267515933052,
        0.2762611048668444,
        0.232632402887279,
        0.33510635893674307,
        0.18835100885198028,
        0.323645289201349,
        0.41003808263954566,
        0.20352736261864898,
        0.2114429493260857,
        0.24926282490282806
    ],
    "compactness": [
        0.5519692513873259,
        0.4821603029991793,
        0.6285975249889411,
        0.5720519035464748,
        0.7203296053493236,
        0.522669275078759,
        0.6391083292607382,
        0.5849130564501814,
        0.5857367840161568,
        0.5524000782470702,
        0.6212022056959076,
        0.6335738293458705,
        0.5862825092436357,
        0.6140391316312782,
        0.5385128042792113
    ],
    "elongation": [
        0.7584786364452648,
        0.7740299954286233,
        0.5449162874143652,
        0.7219836170592203,
        1.1590751840517717,
        0.5552980945737951,
        0.6215929579366717,
        0.6012097535900559,
        1.0623610511612753,
        0.5257304933633908,
        0.882909252675228,
        0.9510360201212716,
        0.7359386206045474,
        0.6063070445157374,
        1.1029974112234604
    ],
    "thiness": [
        0.5601179352713442,
        0.2977952162984128,
        0.4963253855156043,
        0.584999584079551,
        0.5903293396418631,
        0.39086535031866104,
        0.5525222097336888,
        0.465264805774558,
        0.6702127178734861,
        0.37670201770396056,
        0.647290578402698,
        0.8200761652790913,
        0.40705472523729797,
        0.4228858986521714,
        0.4985256498056561
    ],
    "intensity": [
        0.6308733828934149,
        0.6841937812420597,
        0.6944903933103956,
        0.669147227640737,
        0.6766641363220735,
        0.7118960841065313,
        0.7030944103831768,
        0.7991441665273195,
        0.7026196479871539,
        0.677523949368555,
        0.5757228150523329,
        0.6044681297298558,
        0.5983090944981537,
        0.7810484593232441,
        0.45457255254676304
    ]
}