{
    "type": "trumpet",
    "holes": [
        1.9,
        4.1,
        2.8,
        0.9,
        2.8,
        4.6,
        2.1,
        6.3,
        0.7,
        5.4,
        1.2,
        0.7,
        4.2,
        6.3,
        7.0
    ],
    "circularity": [
        0.23727391277352716,
        0.0909827771483481,
        0.1937770016506782,
        0.22140036774841787,
        0.2638621103735143,
        0.14531868417005583,
        0.19487363657850548,
        0.09744181337123406,
        0.25746077614239454,
        0.16718306156118165,
        0.270684285280791,
        0.3209380687701945,
        0.16672766769936273,
        0.15466417389139575,
        0.21539453133968633
    ],
    "compactness": [
        0.5230587470754823,
        0.4557455427767359,
        0.6031263322014441,
        0.5257945475961733,
        0.7027924127385755,
        0.5050856454896727,
        0.6154134701949721,
        0.5526508501246592,
        0.5345315510872434,
        0.5361615139065848,
        0.5833989264625753,
        0.5987538479200742,
        0.5649509122399271,
        0.5596923051081034,
        0.5240455246874867
    ],
    "elongation": [
        0.7468747380884325,
        0.7251733332462089,
        0.5327980624351206,
        0.7121890746704259,
        1.1488987785568336,
        0.5466068572381053,
        0.6093952053343078,
        0.5931575279380861,
        1.0237041530548818,
        0.5181806157558536,
        0.8597425108433013,
        0.9143345489529227,
        0.722711247870304,
        0.6179700155708197,
        1.0960060496451502
    ],
    "thiness": [
        0.4745478255470543,
        0.1819655542966962,
        0.3875540033013564,
        0.44280073549683574,
        0.5277242207470286,
        0.29063736834011167,
        0.38974727315701096,
        0.19488362674246812,
        0.5149215522847891,
        0.3343661231223633,
        0.541368570561582,
        0.641876137540389,
        0.33345533539872546,
        0.3093283477827915,
        0.43078906267937267
    ],
    "intensity": [
        0.5975285463923624,
        0.6488731190354494,
        0.6674895058912946,
        0.6297244996761654,
        0.6608916811844217,
        0.6927266435276875,
        0.6817980759869402,
        0.784661175922883,
        0.6647494150677558,
        0.6598896388859816,
        0.5242908173683539,
        0.5484827940146705,
        0.5697485599844768,
        0.7617550514373383,
        0.4288324208967758
    ]
}