{
    "type": "guitar",
    "holes": [
        0.0,
        2.1,
        0.2,
        1.1,
        0.0,
        0.5,
        0.3,
        0.0,
        0.0,
        0.0,
        0.9,
        1.0,
        2.7,
        0.2,
        0.8
    ],
    "circularity": [
        0.3040857020395356,
        0.24540562352198592,
        0.26033859020899075,
        0.30834836815204464,
        0.2701894168033949,
        0.25737040174956816,
        0.28504273764476223,
        0.2859519825378147,
        0.29886827570510155,
        0.29141696327667527,
        0.47876360819147123,
        0.299321440280064,
        0.29636835892066055,
        0.315670356732459,
        0.26178192252499227
    ],
    "compactness": [
        0.4731468781859437,
        0.46081741171123,
        0.4478491386697214,
        0.47325314427544557,
        0.437767223809348,
        0.4511629227275453,
        0.47084878466851354,
        0.4623050920327428,
        0.473217759982271,
        0.4422678888231816,
        0.5824206511656433,
        0.48222574607205126,
        0.4802789029647577,
        0.49474392756469576,
        0.4791079674270369
    ],
    "elongation": [
        0.8227742365263521,
        0.7710431159667577,
        0.7929186091699304,
        0.8344256703922183,
        0.7792964510838298,
        0.7468219926836559,
        0.8009037148461509,
        0.7528553900041687,
        0.6898933040034405,
        0.7471910112359551,
        1.1282467981668076,
        0.7743725682824646,
        0.7518529744830157,
        0.8488908287014669,
        0.6995805263214658
    ],
    "thiness": [
        0.6081714040790712,
        0.49081124704397183,
        0.5206771804179815,
        0.6166967363040893,
        0.5403788336067898,
        0.5147408034991363,
        0.5700854752895245,
        0.5719039650756294,
        0.5977365514102031,
        0.5828339265533505,
        0.9575272163829425,
        0.598642880560128,
        0.5927367178413211,
        0.631340713464918,
        0.5235638450499845
    ],
    "intensity": [
        0.3213562146534969,
        0.4114791566500347,
        0.5191805344291325,
        0.23047669768147747,
        0.5560663210736388,
        0.13481766834027678,
        0.5361581391542627,
        0.6264164548962248,
        0.4997679887624489,
        0.4173035202385048,
        0.4836702387991504,
        0.48031703964422595,
        0.6251244912501464,
        0.6222655500002655,
        0.30564403520209743
    ]
}