{
    "type": "bass",
    "circularity": [
        0.29688359575203693,
        0.2817652262843772,
        0.24675490083680343,
        0.28863180556666634,
        0.28901549314247277,
        0.27853217166284033,
        0.27122606887717593,
        0.21492211259363017
    ],
    "compactness": [
        0.5100944866962027,
        0.5140996899594562,
        0.4468358446905497,
        0.4890749308807764,
        0.4655598424988769,
        0.48142591114658156,
        0.48515547105496976,
        0.4153597618645957
    ],
    "elongation": [
        0.3133582980190791,
        0.2921535893155259,
        0.33447098976109213,
        0.3089770354906054,
        0.3298538622129436,
        0.3258845437616387,
        0.31311749894115803,
        0.2951684221633788
    ],
    "thiness": [
        0.29688359575203693,
        0.2817652262843772,
        0.24675490083680343,
        0.28863180556666634,
        0.28901549314247277,
        0.27853217166284033,
        0.27122606887717593,
        0.21492211259363017
    ],
    "intensity": [
        0.5262064532716287,
        0.6995739861117245,
        0.4309678498121508,
        0.644786508575162,
        0.5074549461095161,
        0.5461241298803292,
        0.503740873935471,
        0.6509049973346379
    ]
}