{
    "circularity": 0.385891193926929,
    "compactness": 0.5182333150670966,
    "elongation": 0.4373956594323873,
    "thiness": 0.385891193926929,
    "intensity": 110.53540054827901
}{
    "circularity": 0.279163190304819,
    "compactness": 0.47134330886715187,
    "elongation": 0.3887988768931147,
    "thiness": 0.279163190304819,
    "intensity": 110.95436191595866
}{
    "circularity": 0.3380251421322319,
    "compactness": 0.47850680104858523,
    "elongation": 0.4082862957009588,
    "thiness": 0.3380251421322319,
    "intensity": 146.7927857057813
}{
    "circularity": 0.35785810757470127,
    "compactness": 0.4889549690861072,
    "elongation": 0.42338961851156975,
    "thiness": 0.35785810757470127,
    "intensity": 72.1614077555684
}{
    "circularity": 0.344764901165088,
    "compactness": 0.46583712395152516,
    "elongation": 0.41235392320534225,
    "thiness": 0.344764901165088,
    "intensity": 160.0728142096119
}{
    "circularity": 0.3287123947043744,
    "compactness": 0.48393409700549705,
    "elongation": 0.38566882393566976,
    "thiness": 0.3287123947043744,
    "intensity": 62.00913472751302
}{
    "circularity": 0.36334205046905377,
    "compactness": 0.5,
    "elongation": 0.40145985401459855,
    "thiness": 0.36334205046905377,
    "intensity": 151.69915053508754
}{
    "circularity": 0.3746265339868107,
    "compactness": 0.5258323212718401,
    "elongation": 0.4032571172897005,
    "thiness": 0.3746265339868107,
    "intensity": 180.9185457614856
}