{
    "type": "guitar",
    "holes": [
        0,
        0,
        0,
        1,
        0,
        0,
        0,
        0,
        0,
        0,
        0,
        1,
        0,
        1,
        0
    ],
    "circularity": [
        0.3747076090766382,
        0.27278287371786225,
        0.3082194522214164,
        0.3359380198946948,
        0.33514900518445295,
        0.3115200623537092,
        0.34225703469679336,
        0.35188943365914443,
        0.37132343662574185,
        0.35674357152647435,
        0.5140642798558449,
        0.33937513792549817,
        0.3635992678964156,
        0.35159402913961685,
        0.2855146087640276
    ],
    "compactness": [
        0.4994037681850704,
        0.4669938983401905,
        0.4649921038247037,
        0.48341064137433665,
        0.4674647123054749,
        0.4711323706520729,
        0.48887889770565135,
        0.49701456827183715,
        0.5316189632538951,
        0.5045115183455104,
        0.5909854280453758,
        0.5031078780071737,
        0.5025671075677904,
        0.5050809955570329,
        0.5035087923190589
    ],
    "elongation": [
        0.8414023372287145,
        0.7744780586235298,
        0.8056676195008139,
        0.8424256644957306,
        0.8016531184882116,
        0.7599986840390772,
        0.8140797273072242,
        0.7855408630560987,
        0.7423318606636755,
        0.7603305785123967,
        1.1388112715889143,
        0.7819147968254268,
        0.7678877164452677,
        0.8571383620626014,
        0.7141150265630607
    ],
    "thiness": [
        0.7494152181532764,
        0.5455657474357245,
        0.6164389044428328,
        0.6718760397893896,
        0.6702980103689059,
        0.6230401247074184,
        0.6845140693935867,
        0.7037788673182889,
        0.7426468732514837,
        0.7134871430529487,
        1.0281285597116898,
        0.6787502758509963,
        0.7271985357928312,
        0.7031880582792337,
        0.5710292175280552
    ],
    "intensity": [
        0.38945906466646574,
        0.4247243635726319,
        0.5502539702064846,
        0.2617595567439235,
        0.6055702744021907,
        0.19638517257657956,
        0.5684435835170264,
        0.6739506825105102,
        0.6049309672809462,
        0.5120417450415939,
        0.5012762535605435,
        0.5094115461439815,
        0.6520800232962353,
        0.6376954262875622,
        0.35517145628728136
    ]
}